endpoint-1	endpoint-2	distance-in-kilometers	road-name
0	1	5.394655	joke-earthquake
0	2	10.284244	texture-jar
0	5	40.444225	agreement-paper
1	2	7.724140	quilt-tin
1	4	8.802094	governor-food
2	3	0.894578	roof-arithmetic
3	9	47.880470	loaf-cushion
5	6	3.942576	wine-country
6	7	5.707604	voyage-meal
6	8	6.655296	time-banana
7	10	30.326105	river-rail
7	15	93.220909	coal-base
8	12	79.862961	step-tub
9	17	86.854210	debt-jar
10	11	47.266514	face-feast
11	13	5.906130	air-skirt
12	28	58.639000	partner-quiver
13	14	2.683927	disgust-relation
13	16	11.384167	beggar-brick
13	19	17.771683	system-ball
14	23	142.494339	change-match
15	23	34.872845	furniture-skin
15	26	44.048969	vest-snake
16	18	3.267706	quince-debt
16	19	11.674350	middle-tendency
17	24	32.816490	credit-feeling
18	20	4.632542	reward-regret
19	22	9.289753	fireman-idea
19	25	31.670521	square-star
20	21	4.594135	sheep-letters
20	29	42.838058	shock-spot
24	31	21.730915	statement-stem
25	27	6.086143	support-rat
26	28	50.954838	lunchroom-waste
27	30	6.712927	line-cart
27	33	13.486383	pear-operation
28	36	15.274585	disease-mom
28	38	18.323811	sleep-opinion
29	32	6.073036	collar-leg
29	74	58.864082	expert-rake
30	43	15.591271	pets-creator
30	49	28.571278	letters-metal
31	39	7.509592	hill-morning
33	34	0.759758	icicle-tooth
33	40	5.393657	picture-wrench
34	35	1.031586	oranges-mint
34	37	2.620655	end-arithmetic
36	117	77.460854	shop-oil
36	38	16.851669	birth-pollution
37	42	5.410994	office-industry
37	46	6.176511	clocks-beef
38	44	3.578622	pin-drop
39	41	1.308655	move-army
39	82	53.275982	rainstorm-wood
40	48	14.294766	yard-credit
40	53	23.137459	crook-level
41	45	2.383826	time-development
45	50	14.314447	worm-stocking
46	47	3.233017	measure-size
46	55	22.252525	tin-bridge
49	59	15.682717	cabbage-collar
49	75	30.245659	sister-toes
50	51	2.172997	volleyball-credit
50	54	5.707377	back-size
51	52	1.308861	park-arithmetic
51	61	12.525023	earthquake-friend
53	58	8.327269	humor-door
54	56	4.779602	breakfast-giraffe
54	57	7.509775	earthquake-body
56	60	3.926113	lip-crime
56	62	6.535202	amount-shoe
58	65	8.739222	mother-scarecrow
58	69	10.190213	polish-shoes
60	63	4.779602	bomb-sound
60	64	6.535289	quince-hospital
63	68	4.400940	bells-calendar
63	70	5.938543	poison-trail
65	66	0.339819	opinion-vest
66	67	0.554684	clover-distribution
66	71	4.323444	toy-mark
67	83	13.512760	hour-camp
68	73	3.926319	giants-pizzas
68	76	6.535289	cork-island
71	72	0.446730	throat-camp
71	77	5.160649	laborer-partner
73	78	4.779405	mine-ship
73	79	5.649818	expansion-oil
74	80	5.203035	sea-temper
74	81	6.661400	cheese-houses
74	90	12.099276	pain-development
75	114	24.764620	toys-pleasure
75	93	12.573647	babies-apples
78	84	4.779602	property-airport
78	85	5.362322	prison-pizzas
80	116	22.279118	box-balloon
81	86	2.581626	vest-car
81	94	7.041483	list-downtown
82	87	3.096657	surprise-activity
82	91	5.514893	credit-roof
82	98	8.311955	stamp-knot
83	89	4.057696	oranges-flock
83	99	6.997204	coal-suit
84	92	3.922307	net-bit
84	97	5.932665	bag-thumb
86	105	8.830222	thought-clocks
86	88	1.084855	field-wool
87	106	8.311955	queen-group
87	95	3.942487	scene-kitten
88	101	5.120037	legs-experience
88	102	6.836438	card-sweater
89	96	2.108914	bait-acoustics
89	96	2.108914	dust-harbor
91	100	4.473125	distance-oatmeal
91	104	5.649699	haircut-library
92	100	2.851601	airplane-stew
92	107	5.938406	afterthought-kitten
95	103	3.578547	growth-rainstorm
95	109	8.032947	spade-pear
96	115	11.542328	anger-bread
100	111	7.154078	treatment-believe
101	110	6.896817	low-flower
102	108	1.734715	horse-mist
102	112	6.562683	business-oranges
103	113	7.422872	expansion-smoke
118	119	7.169434	flesh-vein
118	120	7.169434	lizards-soap
118	121	10.404842	whistle-playground
119	123	4.779405	expert-water
119	124	6.192879	representative-spiders
120	122	3.942832	committee-sweater
120	126	8.391586	jam-cattle
121	125	4.961925	things-blow
121	128	7.474405	room-canvas
124	127	3.474405	glue-box
124	129	8.311826	nose-trip
126	131	10.416494	voyage-collar
127	140	25.472885	rate-scent
127	149	35.040745	mask-time
128	130	7.130267	store-brothers
128	134	14.875244	crate-anger
129	133	9.877700	pest-train
129	137	14.029582	creature-music
131	132	5.514648	nerve-trucks
131	144	20.458712	wash-scarf
132	136	3.491218	attack-balance
132	145	15.847040	quartz-cook
133	135	3.025837	dust-toad
133	138	5.368046	toys-muscle
134	139	6.913722	rain-tank
134	141	10.920482	payment-cover
135	142	9.289753	money-finger
135	145	18.212852	clocks-leaf
137	140	19.759567	ocean-land
137	148	14.764452	pets-tax
139	147	9.223904	chicken-cough
139	150	12.872399	bean-church
140	143	2.683776	sign-cover
140	156	30.311337	regret-wool
142	146	4.961925	division-dress
142	158	13.957630	tax-glove
143	151	7.565023	sort-jeans
143	170	21.731014	sock-achieve
144	145	5.938543	pin-pet
144	153	7.852227	oil-shirt
146	163	16.559420	scene-winter
146	177	22.933626	pin-pot
148	152	3.054584	wilderness-lunch
148	155	5.226262	sand-chicken
149	156	4.262604	person-brick
149	171	15.208724	polish-current
150	154	2.113281	vein-way
150	161	5.938543	low-pin
151	164	8.218860	slope-goldfish
151	165	9.293103	bike-house
152	159	4.779799	rain-room
152	160	4.832474	scissors-degree
153	157	2.683969	acoustics-celery
153	163	6.066895	sofa-nerve
154	172	12.800084	crime-maid
156	170	28.380024	play-bedroom
157	162	3.309082	dog-statement
157	230	40.701366	mouth-fly
158	160	10.451474	owner-vegetable
158	168	8.302413	drawer-crow
160	184	15.847142	vacation-juice
161	166	4.156042	secretary-cat
161	229	38.577770	hot-snake
162	174	7.759142	connection-gun
162	186	15.912560	help-desire
163	175	8.056791	cannon-notebook
165	167	2.683776	doll-match
165	169	4.631610	measure-selection
166	173	4.832808	reading-religion
166	183	10.422587	bite-respect
167	176	4.779405	railway-committee
167	181	8.056925	shelf-death
170	190	31.074257	rifle-friction
171	178	4.832808	horses-fold
171	189	11.271240	insurance-horn
172	182	5.402124	actor-elbow
174	179	3.915156	rabbits-thread
174	180	4.460774	advice-day
176	185	5.559931	snakes-adjustment
176	187	7.782934	motion-skate
179	188	5.742337	rake-driving
179	194	8.525029	observation-decision
180	197	10.451474	trail-profit
181	184	16.972807	thumb-cave
181	192	7.564845	stone-smash
183	195	9.296522	example-jellyfish
183	196	9.736116	coast-thing
183	302	36.109898	waste-trip
184	200	9.401908	horse-competition
185	190	3.578505	bike-wind
185	221	19.229551	soup-crime
186	191	3.596448	coast-calendar
186	193	4.262604	weather-rule
188	194	3.578396	point-can
188	209	14.389730	hat-writing
189	207	10.015278	tax-giants
190	199	5.013140	rake-mom
191	204	7.565250	pull-arithmetic
192	198	2.845924	jewel-angle
192	214	12.976609	pleasure-anger
193	197	8.525029	sail-holiday
193	208	8.302392	dolls-grain
194	202	5.201401	ice-flag
194	217	16.645197	form-mom
195	205	5.013140	lamp-move
197	209	6.051902	development-metal
197	219	10.984763	leg-kittens
198	201	1.480085	crayon-arithmetic
198	203	3.691125	voyage-number
199	206	4.226562	shake-hose
199	222	11.913991	market-number
199	223	12.104031	bird-hour
200	227	13.105858	notebook-food
200	228	13.377742	smash-print
201	213	7.712586	street-children
202	216	7.826893	bike-fairies
202	225	20.940176	way-snails
204	210	3.382735	oil-neck
204	220	6.616545	base-waves
205	211	3.578697	wing-crib
205	218	6.273888	acoustics-neck
206	212	4.156042	hammer-mountain
206	224	8.224974	toothbrush-trouble
207	327	12.393847	waste-feet
208	231	9.161087	hill-pancake
209	217	4.539186	ducks-experience
210	215	2.677095	humor-toothpaste
212	226	4.767869	quill-clouds
212	233	7.306564	burst-achieve
213	227	8.084359	holiday-box
215	232	4.657105	advice-basket
216	235	6.274108	legs-pickle
217	225	2.683776	needle-snails
219	225	5.707497	cattle-trucks
221	234	5.225737	control-brain
222	223	8.272461	drug-cellar
222	234	10.422587	church-engine
223	234	6.340088	lunchroom-wood
224	226	7.169434	comb-men
224	342	12.762498	control-oven
224	352	5.707377	operation-snails
229	266	12.315482	goose-giants
236	237	2.757324	spy-purpose
236	238	3.924126	grain-rhythm
236	239	4.156042	beast-family
237	240	3.267619	motion-mint
237	244	7.703322	banana-bike
237	245	9.665616	statement-sidewalk
237	250	15.019367	underwear-birds
238	239	3.267372	weight-carriage
238	246	10.009755	oven-sound
239	266	34.410961	powder-fly
240	241	0.894620	birthday-tomatoes
240	242	2.719966	island-join
240	244	7.884807	sun-hook
241	243	3.474017	government-tent
241	247	7.422872	thread-bite
242	254	11.406571	tub-butter
244	248	4.226807	prison-eyes
244	252	8.692464	limit-babies
245	252	7.306564	grandmother-behavior
245	260	11.054651	hour-society
245	264	24.163811	lock-mitten
246	249	2.970364	fear-brother
246	249	2.970364	increase-grape
246	251	8.032830	silk-society
247	253	5.226098	mass-arithmetic
247	259	8.486625	structure-match
248	257	8.034775	plants-horse
249	255	3.292411	page-tin
249	255	3.292411	story-skin
249	258	5.888956	poison-noise
250	251	1.308729	ray-suggestion
251	256	3.578697	flesh-heat
251	281	30.970255	existence-bells
252	260	3.926319	stranger-beam
252	274	26.390574	horses-houses
255	262	8.172872	offer-disease
256	261	2.315842	balls-adjustment
257	267	16.659424	run-ladybug
258	285	30.177752	popcorn-rings
260	265	13.696539	gun-stitch
261	269	15.954652	glass-look
261	286	30.400978	men-nut
262	263	2.869495	machine-paper
262	288	24.539867	stretch-kite
264	268	3.601486	feather-chicken
264	271	5.371359	mouth-reward
265	268	4.540741	answer-gold
265	272	6.548436	cactus-line
266	279	10.590910	uncle-ray
267	290	14.841146	horse-hydrant
268	271	2.817871	work-afternoon
268	275	6.068979	motion-locket
269	270	0.937846	front-industry
269	282	9.495782	digestion-basketball
270	273	1.628286	ray-silk
270	276	5.026182	pizzas-grape
271	293	16.287951	bun-border
272	275	3.904653	night-tax
272	277	4.400940	cake-mass
274	277	6.340088	sheet-spark
274	284	6.260097	parcel-push
275	280	3.660639	request-children
276	278	1.158847	songs-toad
276	282	4.478232	stop-boot
277	280	5.053012	hope-cow
277	289	5.645593	fiction-bean
279	291	6.712927	berry-crack
279	300	15.741265	flavor-meeting
279	310	25.929489	popcorn-team
280	299	13.665586	purpose-cub
281	283	1.274183	knot-camp
281	285	1.789349	wall-balance
281	287	2.797372	lunchroom-shape
282	324	36.781715	throne-story
283	286	1.494055	key-monkey
284	289	4.544152	cook-rainstorm
285	306	20.310232	cat-cap
286	292	4.891662	punishment-government
286	294	7.044963	afternoon-market
287	301	13.472761	snow-talk
288	302	14.072606	cracker-laborer
288	302	14.072606	fruit-heat
289	297	7.768642	clock-giraffe
290	296	6.616870	place-event
290	309	20.741362	chain-boundary
291	295	4.473125	toad-wheel
291	298	5.873428	produce-jellyfish
292	320	28.220881	quiet-goat
293	305	12.930831	roof-spy
294	301	9.671027	distance-brass
296	311	14.660854	glue-quiver
297	299	7.381783	playground-walk
297	312	14.472256	rabbits-need
298	300	3.690892	icicle-van
298	304	9.293103	ocean-arch
299	307	9.563957	metal-coil
300	318	16.942682	sock-drink
301	303	4.526462	low-head
303	306	3.400606	joke-line
303	314	7.595516	scarecrow-hospital
304	308	3.290454	window-color
304	323	14.472256	waves-expansion
305	307	2.617590	space-birthday
305	317	10.000919	grandfather-pizzas
306	322	13.828571	whistle-truck
307	312	3.474017	table-believe
307	315	6.656951	action-hose
308	313	2.806076	name-feeling
308	319	7.683250	page-feast
309	326	12.787454	square-word
309	332	17.611084	smoke-prison
311	325	12.184227	pipe-town
311	329	13.429895	money-size
312	316	4.313976	soup-fang
314	320	3.605538	dog-playground
314	321	3.891363	quicksand-plough
315	331	11.441112	channel-shoes
316	334	16.524475	tendency-eye
317	330	9.557178	eye-rule
320	321	5.375913	rings-meat
321	322	2.315842	pleasure-swim
322	349	24.958490	comparison-school
323	327	3.030854	ticket-scent
323	342	16.286676	clam-anger
324	328	1.533583	horn-class
324	340	12.190651	vacation-fifth
325	333	5.053012	parent-curtain
325	335	9.157715	boys-government
326	329	12.963402	harmony-paper
326	337	10.149211	fall-judge
328	339	10.364238	train-use
329	336	8.946551	nest-giraffe
331	347	17.699841	crime-relation
333	336	4.961871	collar-shade
333	338	6.227872	trouble-shake
334	343	6.274108	water-ticket
335	341	2.871382	woman-toothbrush
335	344	5.938543	family-team
337	346	10.502178	fact-lizards
337	348	11.249959	thing-trousers
339	345	21.643793	place-pen
341	345	6.435323	industry-government
342	350	7.885905	foot-beggar
342	352	9.174536	judge-drug
346	353	2.845924	skin-property
348	351	1.773526	kitty-debt
354	355	18.284740	verse-toys
354	356	22.312954	underwear-shoes
354	357	29.167412	name-church
356	358	7.793568	clam-limit
356	360	13.493687	walk-bean
356	365	33.985718	expert-substance
357	359	4.651216	trucks-sand
357	366	28.221949	skate-uncle
358	361	8.645116	pen-mother
359	362	10.581990	honey-basket
360	364	17.903887	ghost-van
361	363	11.349716	string-cow
361	375	34.597458	lettuce-playground
362	367	16.610434	knife-punishment
363	368	15.821101	clock-mass
363	370	19.292898	rat-dime
364	369	15.143714	baseball-size
365	374	16.313627	galley-statement
365	377	20.216555	chance-ring
365	405	36.311687	blood-burn
367	371	10.369815	apples-cord
367	372	10.452719	women-fly
368	379	11.034698	hill-range
369	373	3.449589	rub-shelf
369	376	7.083689	stream-sweater
369	378	7.667763	body-whistle
371	387	10.240634	hall-expansion
371	390	11.084047	fang-harbor
372	384	9.293528	death-coat
372	400	16.066088	tax-quilt
373	380	5.592819	grain-hand
373	381	5.756564	farm-picture
373	383	6.600464	star-quilt
374	382	5.883326	bridge-exchange
375	389	9.049031	owner-library
375	396	12.094649	hands-size
376	392	8.046009	steel-kitty
378	385	4.699688	desk-art
378	386	4.718893	fly-way
378	402	13.260794	clouds-opinion
379	388	4.791867	route-push
379	393	7.405868	division-sign
381	383	7.400347	fuel-field
381	394	6.396377	jellyfish-invention
382	409	15.290868	roof-order
383	391	3.751355	dirt-monkey
384	403	10.539062	wine-cemetery
384	420	20.873295	grip-robin
387	398	5.559478	army-bedroom
387	399	5.559962	purpose-club
388	395	3.678404	music-voyage
388	396	10.355707	nose-prose
390	408	11.052723	eyes-brush
392	397	3.194534	oven-credit
392	410	10.328798	income-cushion
396	401	2.315377	north-letter
396	417	14.834522	way-lift
397	404	4.363576	start-lock
397	406	5.452349	place-thing
397	407	5.649391	month-snake
400	419	13.370197	veil-death
400	428	18.707582	cheese-banana
401	411	8.114942	look-horse
403	418	9.420374	knot-clam
406	412	5.020238	breath-legs
406	415	5.839122	ducks-ice
407	413	5.314630	rose-jellyfish
407	424	10.290611	tub-apparatus
409	416	4.767426	ear-fruit
409	427	11.811858	girl-jewel
410	413	4.040629	idea-books
410	430	12.496976	father-wish
411	414	2.558009	border-respect
411	436	15.286972	angle-tank
413	432	9.828404	art-show
414	422	3.317347	milk-idea
414	429	7.829510	coast-flower
415	423	4.295484	bee-eye
415	424	5.609009	throat-clocks
416	425	5.645364	fact-rate
416	434	10.593207	bean-view
417	421	1.408691	blood-slope
418	431	7.025563	wound-cave
418	433	8.302413	field-steel
419	445	15.378127	shop-egg
420	426	3.942491	design-owner
421	438	16.095345	meat-apparatus
422	441	13.314891	park-hearing
424	432	6.576181	birth-carriage
427	434	3.564855	meat-cup
427	446	10.789276	place-salt
428	452	12.728061	size-dress
430	435	3.028173	act-trip
430	449	10.893703	cub-nail
431	450	10.319712	tin-bit
432	437	5.615110	carriage-credit
433	439	5.013140	substance-bone
433	443	6.831098	goose-manager
434	438	4.538959	rate-price
434	453	10.026764	tiger-bedroom
435	440	4.886815	need-cat
435	442	5.991907	cork-holiday
435	451	10.023095	rate-camp
437	442	11.007251	basketball-shock
437	451	4.537199	soup-care
438	444	2.184472	fact-riddle
438	453	8.739065	button-lace
439	447	3.055274	rod-servant
439	468	11.025812	yard-news
440	457	5.818656	harbor-trees
440	460	6.947390	month-magic
441	448	2.077711	rod-pie
441	464	8.352971	shame-sponge
442	454	3.424518	bushes-paint
445	456	3.636687	committee-distribution
446	455	3.416327	toad-coal
446	461	5.905701	hall-sign
447	462	5.394542	chickens-value
448	459	3.805952	lunchroom-hydrant
449	458	3.103932	knife-scissors
450	467	6.688717	squirrel-operation
451	460	4.605571	garden-record
453	463	3.308594	bulb-feet
455	471	5.880116	color-cat
456	465	3.838469	lift-theory
457	460	4.605571	sisters-fang
457	470	4.868568	plastic-chin
459	466	3.149014	vegetable-cent
461	469	2.817871	prose-minute
472	473	5.470703	lake-flesh
472	475	20.807907	quiet-dog
472	479	41.209705	scene-drum
473	474	11.675725	polish-string
473	476	19.816540	fork-faucet
475	477	10.725050	surprise-division
475	478	17.050058	floor-account
478	480	4.644864	slip-toys
479	481	1.512894	good-bye-pets
479	486	10.106024	driving-soup
480	482	0.568577	earth-wound
480	483	4.387921	tent-control
480	485	6.840476	line-advice
481	484	6.227816	ear-oven
481	490	13.104842	library-feet
483	489	7.550984	slave-finger
483	493	12.251881	pie-waves
484	487	4.542873	coil-ball
485	488	4.935374	reason-achieve
485	503	14.396004	chalk-distribution
486	497	9.564284	screw-brothers
486	535	30.062920	limit-poison
487	499	8.090926	school-drawer
488	491	2.037336	cannon-meeting
488	495	6.214201	protest-train
489	492	2.297861	quill-birthday
489	496	6.135513	purpose-hall
490	501	7.381637	trousers-skirt
490	502	7.496757	cow-breath
491	494	3.340014	clover-degree
491	500	6.422935	ants-rainstorm
492	498	4.222626	representative-ink
493	514	11.001505	fuel-badge
494	511	8.407869	oranges-price
497	504	2.870903	debt-tree
498	510	6.951554	writer-juice
498	539	23.315145	control-cat
499	505	3.924126	bulb-apparel
499	516	10.501340	lizards-room
500	506	3.522461	story-place
500	509	5.013140	veil-geese
501	521	11.602468	texture-hand
501	528	15.129868	cap-hobbies
502	507	3.891584	rate-lock
502	515	8.524787	learning-snow
503	508	3.759336	horn-street
504	512	5.225901	grass-expansion
504	519	10.240502	ring-ghost
504	546	22.109457	hope-car
505	513	3.564930	lamp-playground
505	522	10.113255	comfort-event
506	517	6.066406	crayon-kick
506	530	13.424453	swing-furniture
509	523	8.004700	toothpaste-woman
512	518	3.924126	calculator-horse
512	554	22.719091	spade-voice
514	542	14.575327	trees-person
516	520	2.473927	engine-crow
517	526	5.394992	music-boy
517	529	7.205020	flavor-sea
517	536	9.877700	berry-note
518	531	7.157010	side-ornament
519	534	7.145419	insurance-land
520	527	3.267583	poison-toe
520	533	6.534744	shame-cord
521	524	2.846397	meat-kittens
521	525	2.871382	trail-stomach
523	547	10.319296	pizzas-battle
523	567	19.698368	brother-apparatus
524	544	7.749023	mark-industry
526	532	3.198666	feather-hen
526	553	12.691687	lumber-meal
528	537	3.891584	lace-spoon
530	541	4.779117	bird-ducks
531	538	3.025610	canvas-seashore
531	545	5.742581	quicksand-payment
532	548	5.279251	hate-support
533	540	3.267583	toothbrush-division
533	552	8.219318	chain-doll
534	549	6.519439	record-station
534	550	6.543778	giants-rifle
535	543	3.891792	guitar-metal
535	566	13.871311	receipt-nail
537	551	5.697525	cord-sand
537	585	19.025240	dime-engine
538	568	12.717347	minister-rake
539	565	10.293945	breath-board
539	569	12.001786	whip-fifth
541	567	11.602956	partner-galley
541	579	14.793457	twig-regret
542	556	7.302745	bit-plants
542	573	12.552628	experience-wheel
545	558	6.509540	girls-plate
546	559	6.688717	body-relation
546	561	6.766527	wood-spark
546	563	6.949411	tiger-road
549	564	5.785376	knowledge-chairs
550	563	15.283135	example-drain
550	584	13.006352	powder-tub
551	578	11.230890	change-coil
551	589	14.796350	achieve-store
552	580	10.623823	key-achieve
552	582	10.920719	flight-pollution
553	555	1.521973	regret-mailbox
553	574	7.151911	note-girls
554	557	0.504261	dime-size
554	562	1.100303	addition-knowledge
554	564	2.332908	party-square
555	560	0.684082	servant-rub
558	575	6.009603	wax-mark
558	576	6.519123	nose-desk
560	565	2.617721	afternoon-ring
560	572	4.155835	owner-worm
562	568	13.479341	metal-sail
562	570	3.690659	example-rail
563	583	7.467911	watch-toy
564	571	3.084575	mom-rose
565	581	5.367854	test-wind
567	588	6.425772	view-anger
568	575	5.063305	hand-texture
570	571	1.654785	fall-jar
571	577	2.383826	event-earth
575	586	3.042594	fowl-rhythm
576	587	2.684077	songs-mitten
590	591	1.681666	balance-toothpaste
590	596	11.623416	event-kite
590	598	12.331996	voyage-punishment
591	592	0.640137	shock-letter
591	593	0.768553	flame-tiger
592	594	8.777160	girl-force
593	595	8.825547	pickle-cherries
594	599	2.098542	writing-answer
595	597	0.898926	road-fire
595	601	3.574228	disease-fear
596	611	10.397598	cent-furniture
597	602	4.147461	soap-step
598	600	2.515916	wall-punishment
598	608	6.632945	regret-competition
599	604	5.019638	toe-believe
600	605	3.529968	driving-sky
600	606	3.945850	houses-art
601	603	1.635399	tub-middle
603	609	4.047852	school-haircut
603	610	4.931152	blood-fan
603	631	15.441895	scarecrow-chain
604	607	0.630062	route-cannon
605	617	7.030389	time-suit
607	616	6.451446	vacation-good-bye
608	612	3.719651	paint-flock
608	614	5.317771	smile-bubble
609	613	3.121582	talk-lamp
610	619	4.931152	note-regret
610	623	6.423958	whip-men
612	615	2.529574	mitten-cub
612	621	4.633758	boy-apparatus
613	627	7.169434	observation-boat
615	618	0.789096	winter-flag
615	622	2.426075	need-eye
616	620	1.463852	ocean-mouth
618	625	3.992831	structure-sink
618	630	5.557087	giants-work
619	624	2.757324	trade-collar
619	636	7.749023	chain-beam
620	626	3.663404	bulb-church
623	629	3.474017	space-ring
623	632	4.156249	step-minute
625	633	2.593921	credit-milk
625	635	3.871588	paper-flesh
625	638	4.602685	cows-voyage
627	628	0.375040	rule-flower
628	639	3.511184	time-society
628	668	15.746229	position-dust
631	634	0.882324	owl-time
631	642	5.635742	dinosaurs-food
632	640	3.578313	statement-circle
634	644	4.831055	quilt-airport
635	637	0.496094	error-whistle
635	646	4.752234	winter-pin
636	643	3.521973	cord-stamp
636	650	7.169434	can-house
637	641	3.101962	yard-things
637	645	3.717312	cows-mind
640	653	9.007185	brain-sign
640	660	10.284144	servant-mother
642	657	5.662154	twist-finger
642	664	8.823730	tail-hammer
643	648	2.817871	produce-rest
643	649	3.474017	observation-beds
644	654	4.213379	box-milk
645	647	1.114324	trousers-sneeze
645	656	4.915810	chance-cap
647	651	2.444819	bit-rule
647	652	2.446993	government-fork
648	666	6.339844	engine-detail
649	653	0.552022	eye-pencil
650	664	11.988267	cart-frog
650	671	6.618164	ants-cave
650	702	20.779745	arithmetic-food
651	658	2.334049	north-tendency
651	665	4.938498	butter-mice
653	663	4.481840	lamp-texture
654	655	0.551758	tax-selection
654	677	10.566895	goat-minute
655	667	4.378906	goat-fan
657	659	1.789541	bread-time
657	672	5.514648	guide-quill
658	661	2.071911	appliance-design
658	670	3.860607	disease-current
659	662	1.103027	voice-weight
659	671	4.931152	cemetery-leaf
660	682	7.782727	word-distribution
661	669	1.345540	seashore-position
661	675	4.389916	iron-voice
666	676	4.412109	observation-disgust
666	678	5.662640	thing-brothers
667	673	3.441406	fifth-agreement
668	681	6.664745	sponge-journey
668	684	7.321166	angle-flower
669	674	2.886858	connection-turn
669	697	12.905054	rabbit-chairs
670	673	1.163574	doll-road
670	680	5.401135	roll-holiday
671	702	18.155003	temper-order
672	677	5.013072	reward-wrench
672	679	4.226562	street-earth
673	683	4.929480	holiday-bread
676	686	4.226562	cord-ray
676	688	6.066406	rainstorm-fuel
677	689	5.515137	sand-light
678	691	5.662640	brothers-glove
678	705	10.501691	transport-hook
680	685	1.409901	rhythm-wilderness
682	687	2.684077	deer-rhythm
682	692	4.832630	wheel-lead
684	699	6.717180	furniture-hydrant
685	690	3.420426	belief-plastic
685	693	3.933189	order-icicle
687	694	2.384259	parent-earthquake
687	698	4.109514	actor-men
688	700	4.262425	pain-boot
688	701	4.411621	year-grain
690	695	1.440623	flock-shake
695	696	0.547088	man-suit
695	706	3.445572	fireman-cannon
696	704	2.592598	card-house
697	703	1.950983	crown-dog
704	707	1.228231	band-example
708	709	3.557746	thread-sink
708	710	3.875177	substance-pipe
708	714	12.489118	trains-development
709	711	5.541227	apparel-pig
709	716	11.414032	walk-ladybug
710	713	8.004932	desk-attempt
710	715	11.065557	animal-power
711	712	0.509093	jam-group
712	718	6.233710	seed-screw
712	727	16.481504	scarecrow-lunchroom
714	723	7.719613	mom-town
715	721	3.715644	apparel-ducks
715	723	7.471578	fight-sisters
716	717	0.439265	dust-bat
716	719	3.030785	umbrella-belief
717	720	1.303193	afternoon-taste
718	719	0.601634	wheel-bird
720	722	2.415380	club-cake
720	732	10.714386	flight-education
720	736	12.177082	shoe-art
722	738	10.617143	fact-coach
723	724	3.241517	hill-governor
723	725	4.183266	shoes-rate
723	743	10.682136	toes-advice
724	726	2.127972	frog-finger
724	737	5.615406	mint-trains
726	728	0.655413	tendency-grip
726	729	0.823150	harmony-work
727	735	2.476177	clover-move
727	739	3.890866	fly-tramp
728	730	0.816953	trip-powder
728	731	1.169999	ear-arch
730	733	0.774578	science-whistle
731	734	1.569994	apparatus-trains
731	742	3.472470	cellar-attraction
732	784	35.096813	hammer-blood
733	734	0.471693	chess-reason
733	741	2.860634	notebook-view
735	795	39.646111	pump-friends
736	748	6.655079	support-cabbage
736	749	6.913946	milk-rainstorm
737	740	1.568075	brother-wax
737	743	3.404513	orange-print
738	766	21.113800	wrench-range
739	753	8.457171	noise-crow
740	742	1.381399	arithmetic-bell
740	744	0.541184	mice-underwear
741	746	2.455913	quartz-mind
741	753	5.801637	box-celery
742	752	5.360256	treatment-money
743	745	1.433449	sweater-scarecrow
745	747	2.597126	bushes-lunchroom
746	751	2.977915	ring-income
747	750	1.110017	amusement-window
749	755	3.891350	health-size
749	758	7.169434	eye-impulse
750	759	8.044158	shirt-tub
751	752	4.174075	comfort-comparison
751	754	2.874182	education-basin
752	756	5.614500	stone-flame
755	760	4.891662	question-flight
755	762	8.280270	sleet-island
756	757	1.032264	rhythm-dog
757	801	26.539255	bath-hair
759	761	0.582570	title-lunch
760	763	4.892102	sock-arm
760	764	5.225901	ladybug-dock
761	765	5.631099	fang-rod
762	768	4.779405	bedroom-cake
763	771	6.051674	magic-suggestion
763	772	6.688922	horses-creator
765	767	1.630658	hole-babies
765	777	10.171180	cakes-loss
766	770	4.155835	learning-lunchroom
766	774	6.722004	railway-umbrella
766	794	17.262787	limit-writer
767	769	2.454229	ornament-boot
767	775	8.041125	expert-cry
768	786	10.735407	dust-nose
769	782	7.655465	discussion-jump
770	773	2.184123	arch-war
770	781	6.262474	hydrant-test
771	776	4.539235	tray-vein
771	814	18.212852	books-thought
772	778	4.631684	seed-lunch
772	791	9.164794	underwear-answer
773	783	5.071805	elbow-berry
773	805	13.254779	toe-coach
774	779	3.468240	loaf-crib
775	780	1.276619	cry-passenger
776	787	3.926319	body-death
776	815	13.805564	pies-pies
777	802	9.022294	sock-rule
778	789	3.578697	ant-turkey
778	819	14.029582	wound-minister
779	790	3.578697	hot-car
779	807	10.431893	island-quartz
779	823	14.835148	property-game
780	785	1.871757	clocks-sleep
780	788	3.130980	vegetable-knot
782	792	4.091858	pets-event
784	793	4.961871	yard-school
785	804	6.794655	cats-knot
786	791	5.225933	cough-unit
786	797	5.649937	wind-vase
787	798	5.234917	linen-example
788	803	5.511302	cry-pear
789	800	5.013072	bells-lunchroom
789	818	9.665282	friction-stop
790	796	4.054537	umbrella-earth
791	799	3.942142	vein-ink
791	806	5.368238	power-pot
793	810	5.662687	peace-rings
795	821	7.303616	lamp-haircut
796	808	3.384166	system-fowl
798	809	2.845924	face-bears
801	816	4.507289	hydrant-decision
803	812	3.597335	cherry-health
803	813	3.600976	kittens-twig
804	817	4.079699	memory-bat
804	822	5.981625	powder-way
807	811	1.950677	expert-heart
807	824	4.635694	art-chain
809	815	5.938543	giraffe-goldfish
809	820	3.096550	transport-trade
812	817	0.739986	cover-print
814	815	5.046451	kite-vessel
814	819	4.156249	mom-sheep
817	825	2.294389	songs-pie
826	827	2.845864	plant-things
826	829	7.848447	look-neck
826	835	14.676193	dad-kick
827	828	4.931152	decision-digestion
827	830	6.620453	waste-invention
828	833	5.514893	fireman-loss
828	834	6.066406	note-event
828	840	12.870646	basketball-crown
829	832	4.963623	bears-comfort
829	836	7.236128	plant-jail
830	831	1.654541	letter-sail
830	841	12.762185	kiss-rock
831	834	9.862306	wound-passenger
831	837	5.159413	caption-feast
831	843	13.395879	sack-vegetable
832	835	4.961898	condition-shirt
832	838	7.065990	chair-kettle
833	836	6.617920	truck-seashore
833	846	12.787665	van-thunder
834	839	6.066650	cup-box
834	847	12.288972	competition-wheel
835	849	13.787354	stew-river
836	838	3.860596	seat-writer
836	850	13.565106	kite-blood
837	839	11.324319	flowers-dog
837	842	6.947219	hall-table
837	854	13.384521	limit-act
838	844	5.692024	lawyer-kick
838	858	13.395879	robin-punishment
839	845	6.112494	representative-discussion
839	856	11.485054	lift-stomach
840	846	6.066406	development-condition
840	847	6.655322	cabbage-regret
840	861	13.486398	cover-learning
841	843	5.692085	skate-jump
841	859	11.384285	shame-wine
842	845	12.692164	noise-insect
842	848	3.096657	mine-owner
842	865	14.099658	feast-clock
843	853	4.961898	work-bottle
843	854	5.691964	transport-blood
844	855	6.066406	coat-bat
844	869	12.692164	rail-horses
845	851	2.846161	bead-cats
845	870	12.176066	lift-ship
846	850	6.107159	rule-spiders
846	874	13.429895	produce-airport
847	856	5.559689	robin-trip
847	875	13.429895	family-pump
848	851	13.395879	jump-cave
848	852	2.757568	pail-fairies
848	867	10.581033	bell-monkey
849	855	13.565106	receipt-oatmeal
849	898	18.321505	territory-things
850	858	5.515137	start-weather
850	882	13.486368	bells-chin
851	857	2.757568	limit-space
851	881	13.103425	stick-meeting
852	857	13.395879	believe-station
852	862	6.107159	size-men
852	876	12.691920	aftermath-bean
853	860	4.262393	beginner-achieve
853	866	14.356168	ship-tree
854	865	6.688922	seat-plot
854	871	7.827134	hole-celery
855	868	6.617920	apparel-crown
855	887	12.692164	flower-class
856	870	6.066406	division-vein
856	891	14.131980	branch-lead
857	872	6.066406	trains-clocks
857	888	12.975365	spot-songs
858	869	5.559720	shoes-rainstorm
858	895	14.132223	horse-galley
859	866	3.267706	nose-servant
859	894	12.762363	key-chicken
860	863	2.113281	fang-death
860	864	2.206055	pull-move
860	886	11.052267	beef-approval
861	874	6.617920	thunder-good-bye
861	875	6.107187	grandfather-parcel
861	899	12.679932	appliance-substance
862	872	14.099658	test-beds
862	878	5.514893	station-cushion
862	896	12.692164	blood-event
863	873	2.846161	jump-page
863	892	11.602712	building-able
864	871	3.308838	gate-fireman
864	873	2.871335	account-detail
865	867	3.474211	root-ground
865	877	4.262362	jellyfish-chain
866	879	4.262393	thing-note
867	876	3.474211	cakes-quiet
867	893	9.174307	smoke-sheep
868	885	5.559720	disgust-hot
868	905	12.728061	birds-coil
869	887	6.066406	approval-vessel
869	908	13.429895	island-spiders
870	881	3.860596	cause-story
870	909	13.429895	statement-drain
871	880	3.740064	street-lawyer
872	889	6.107159	hand-calculator
872	903	12.869685	north-dress
873	883	3.860352	coat-insect
873	907	12.026277	goldfish-pig
874	882	5.559931	sail-spy
874	917	13.388805	laugh-food
875	891	5.514893	vegetable-lip
875	916	13.384521	engine-ground
876	896	6.107187	van-winter
876	900	7.065990	grass-notebook
877	884	2.169564	oranges-holiday
878	889	13.429895	beds-steam
878	897	6.066406	record-brass
878	914	12.680176	tendency-way
879	886	2.206055	body-fork
879	890	2.757568	join-wrench
880	884	2.553111	chain-spot
881	888	2.206055	sink-hobbies
881	920	14.099658	journey-oranges
882	895	6.107187	disease-window
882	922	12.685091	rat-thumb
883	921	11.975586	frame-wind
884	893	3.323829	line-fight
885	901	5.201324	grape-mitten
885	906	6.617920	mind-coat
885	928	12.691920	low-tongue
886	892	2.184062	day-smell
887	905	6.066406	silk-attraction
887	932	13.429895	dad-stream
888	903	5.514893	ticket-parent
888	931	13.395879	silk-eyes
889	904	5.514893	cork-net
889	925	12.870646	girls-shade
890	902	5.013072	list-sand
890	937	14.131961	slope-milk
891	909	6.107159	sneeze-limit
891	934	12.692164	profit-bun
892	939	12.680176	shirt-game
893	900	3.860596	list-expert
894	911	4.931152	scarf-tin
894	912	5.018700	loss-lock
895	908	5.514893	control-boys
895	943	12.684847	suit-lock
896	914	6.066406	bird-wealth
897	904	13.395879	rifle-lamp
897	915	6.107159	coil-writing
897	938	13.395635	lizards-secretary
898	910	4.262636	crate-coast
898	913	5.559962	ink-cobweb
899	916	6.066406	transport-ghost
899	917	6.106374	sleep-toad
900	940	11.029785	stage-clover
902	918	4.963379	rate-crack
903	925	6.112737	pain-insurance
904	926	6.066406	bean-quartz
905	928	6.107159	weight-match
906	910	7.827134	gun-scale
906	923	5.559931	men-trees
907	921	4.963379	string-night
907	924	4.411865	plough-history
908	932	6.066406	island-smash
909	920	3.383212	hammer-surprise
910	927	4.467976	shop-health
911	918	2.206055	things-feather
911	919	2.757568	steam-bomb
912	929	5.635745	land-value
912	930	5.159546	move-tub
913	933	4.559966	kittens-pin
913	936	5.514893	wood-ice
914	938	5.559658	butter-mice
914	940	6.363787	growth-egg
915	935	4.963623	cushion-jam
916	934	6.107159	lamp-animal
917	922	5.515137	start-control
919	929	2.205811	land-toad
920	931	2.315768	believe-clam
921	942	4.468015	screw-chess
922	943	6.107159	punishment-fowl
923	933	7.535667	harbor-toes
929	941	2.206055	vessel-feather
937	939	5.559720	peace-riddle
944	945	3.025976	calculator-home
944	946	3.690659	air-experience
944	953	10.955639	peace-humor
945	947	3.026065	leg-sense
945	948	3.096546	mice-floor
945	957	10.850556	cracker-letters
946	949	2.757324	journey-discussion
946	950	3.267706	front-price
946	955	10.793197	babies-office
947	951	4.262393	coat-play
947	961	11.373716	shoe-hope
948	949	5.402124	team-twist
948	954	7.564934	market-grape
949	956	8.224974	lumber-connection
950	952	3.691125	wheel-lamp
950	960	9.789800	toy-action
951	954	4.109575	ocean-foot
951	958	3.578697	comb-copper
951	969	10.851681	hat-rhythm
952	956	3.096546	trouble-pail
952	959	3.891246	crate-offer
952	965	9.891696	dogs-instrument
953	955	2.736935	guitar-bears
953	957	3.074290	island-system
953	974	12.529785	form-pencil
954	966	6.915740	trucks-cactus
955	960	3.781675	trade-friend
955	980	12.910691	rake-map
956	964	5.116273	grade-day
956	967	6.712697	sign-scent
957	961	3.026116	cats-friction
957	982	13.894290	tramp-earth
958	962	3.028027	servant-touch
958	977	12.253925	birth-riddle
959	963	3.026065	beggar-rub
959	976	9.221530	able-kittens
960	965	3.495391	news-dock
960	986	12.455743	daughter-friends
961	969	3.805623	motion-man
961	987	13.897372	chess-division
962	966	3.383263	can-door
962	968	3.691125	friend-pollution
962	984	12.110504	match-rainstorm
963	967	3.596448	ear-angle
963	981	9.153488	volcano-disease
964	970	3.138040	believe-scarecrow
964	971	3.500414	cloth-hole
964	972	4.313594	donkey-spy
965	976	3.803684	river-writer
965	995	12.910092	quartz-act
966	999	13.827541	talk-meal
967	973	3.026065	bat-shoes
968	978	3.690659	lunchroom-appliance
968	992	11.583797	brother-thunder
969	977	3.586079	cloud-milk
969	983	6.472837	pump-bears
971	975	1.291653	railway-face
972	975	2.157780	fifth-pear
972	979	3.137084	seed-drop
973	988	12.061695	sponge-structure
974	980	3.026065	farmer-light
974	982	3.521973	receipt-paint
976	981	3.645366	pocket-design
977	984	3.550052	point-berry
978	985	3.891688	mint-cup
979	990	4.803938	minister-step
980	986	4.262393	stew-berry
981	988	3.561291	men-join
982	987	2.871335	rake-learning
983	989	3.383025	calculator-destruction
983	997	6.552657	move-health
984	992	3.891246	chalk-blade
984	993	4.109346	hair-celery
985	991	3.383162	weight-bread
985	994	4.538870	shake-band
986	995	3.891688	park-event
987	996	3.691052	stamp-prose
988	998	3.824012	cherry-tooth
989	996	3.924366	basin-jam
991	994	6.086484	furniture-relation
993	997	2.846161	bucket-cream
994	999	4.346125	neck-toe
